level	page_num	block_num	par_num	line_num	word_num	left	top	width	height	conf	text
1	1	0	0	0	0	0	0	517	421	-1	
2	1	1	0	0	0	44	92	467	10	-1	
3	1	1	1	0	0	44	92	467	10	-1	
4	1	1	1	1	0	44	92	467	10	-1	
5	1	1	1	1	1	44	92	467	10	95.000000	 
2	1	2	0	0	0	148	124	231	5	-1	
3	1	2	1	0	0	148	124	231	5	-1	
4	1	2	1	1	0	148	124	231	5	-1	
5	1	2	1	1	1	148	124	231	5	95.000000	 
2	1	3	0	0	0	21	22	489	133	-1	
3	1	3	1	0	0	21	22	489	133	-1	
4	1	3	1	1	0	24	22	477	28	-1	
5	1	3	1	1	1	24	18	47	36	29.010498	goed
5	1	3	1	1	2	80	47	110	2	0.000000	மகவை...
5	1	3	1	1	3	230	18	51	36	12.654663	அமக
5	1	3	1	1	4	305	22	38	17	30.215538	OI
5	1	3	1	1	5	364	31	30	13	25.693748	பவா
5	1	3	1	1	6	460	30	41	12	17.322311	தழுக்கா
4	1	3	1	2	0	118	47	366	19	-1	
5	1	3	1	2	1	118	50	18	12	83.296387	29,
5	1	3	1	2	2	143	47	78	19	67.661621	சேந்தமங்தலழ்‌
5	1	3	1	2	3	230	41	56	29	93.302429	கிராமத்தில்‌
5	1	3	1	2	4	290	41	73	29	89.222801	செட்டில்மெண்டு
5	1	3	1	2	5	370	41	37	29	11.040756	mami
5	1	3	1	2	6	416	41	34	29	81.245880	நபர்கள்‌
5	1	3	1	2	7	456	47	28	9	96.616478	சிட்டா
4	1	3	1	3	0	74	68	229	30	-1	
5	1	3	1	3	1	74	68	40	30	20.167839	Onin
5	1	3	1	3	2	215	79	55	12	25.396301	கடையம்‌
5	1	3	1	3	3	287	89	16	6	50.952305	ட
4	1	3	1	4	0	21	85	294	35	-1	
5	1	3	1	4	1	21	102	3	2	68.007355	-
5	1	3	1	4	2	100	85	37	35	27.611458	aes
5	1	3	1	4	3	200	106	24	2	83.936752	=
5	1	3	1	4	4	313	104	2	2	66.907166	்‌
4	1	3	1	5	0	34	101	394	34	-1	
5	1	3	1	5	1	34	117	39	9	6.827072	வருடம்‌
5	1	3	1	5	2	83	103	9	32	87.180504	|
5	1	3	1	5	3	99	115	39	11	30.670685	opines
5	1	3	1	5	4	190	109	15	9	62.013283	=
5	1	3	1	5	5	303	101	39	34	44.638729	end
5	1	3	1	5	6	390	112	38	10	22.142899	moose
4	1	3	1	6	0	26	126	458	15	-1	
5	1	3	1	6	1	26	130	55	11	26.397232	ines
5	1	3	1	6	2	84	113	6	34	87.491394	|
5	1	3	1	6	3	97	129	43	10	31.603783	cone
5	1	3	1	6	4	159	129	52	12	3.385963	[அஸ்தி
5	1	3	1	6	5	217	113	4	34	47.726120	|
5	1	3	1	6	6	228	129	28	11	49.639553	திகல
5	1	3	1	6	7	272	128	52	11	28.218117	RARE]
5	1	3	1	6	8	340	127	29	11	26.021225	தில]
5	1	3	1	6	9	387	126	36	11	49.237892	பதிலை.
5	1	3	1	6	10	438	113	12	34	51.325169	|
5	1	3	1	6	11	465	128	19	8	51.325169	oe
4	1	3	1	7	0	45	140	465	15	-1	
5	1	3	1	7	1	45	146	18	9	49.141830	ய)
5	1	3	1	7	2	107	145	22	10	34.762756	fe)
5	1	3	1	7	3	183	145	12	10	74.471664	3)
5	1	3	1	7	4	232	145	25	10	24.628441	Las)
5	1	3	1	7	5	263	131	8	29	73.983681	|
5	1	3	1	7	6	296	143	12	9	50.369606	cs)
5	1	3	1	7	7	326	131	8	29	35.553398	|
5	1	3	1	7	8	345	143	20	9	35.553398	cor
5	1	3	1	7	9	377	131	8	29	78.154114	|
5	1	3	1	7	10	399	142	20	9	47.432598	or
5	1	3	1	7	11	465	140	45	13	7.269699	a)
2	1	4	0	0	0	28	150	472	10	-1	
3	1	4	1	0	0	28	150	472	10	-1	
4	1	4	1	1	0	28	150	472	10	-1	
5	1	4	1	1	1	28	150	472	10	95.000000	 
2	1	5	0	0	0	20	176	489	10	-1	
3	1	5	1	0	0	20	176	489	10	-1	
4	1	5	1	1	0	20	176	489	10	-1	
5	1	5	1	1	1	20	176	489	10	95.000000	 
2	1	6	0	0	0	92	201	43	10	-1	
3	1	6	1	0	0	92	201	43	10	-1	
4	1	6	1	1	0	92	201	43	10	-1	
5	1	6	1	1	1	92	201	43	10	34.704483	பண்பி
2	1	7	0	0	0	20	205	424	6	-1	
3	1	7	1	0	0	20	205	424	6	-1	
4	1	7	1	1	0	20	205	424	6	-1	
5	1	7	1	1	1	20	205	424	6	95.000000	 
2	1	8	0	0	0	20	208	424	3	-1	
3	1	8	1	0	0	20	208	424	3	-1	
4	1	8	1	1	0	20	208	424	3	-1	
5	1	8	1	1	1	20	208	424	3	95.000000	 
2	1	9	0	0	0	20	204	456	9	-1	
3	1	9	1	0	0	20	204	456	9	-1	
4	1	9	1	1	0	20	204	456	9	-1	
5	1	9	1	1	1	20	204	456	9	95.000000	 
2	1	10	0	0	0	20	207	424	6	-1	
3	1	10	1	0	0	20	207	424	6	-1	
4	1	10	1	1	0	20	207	424	6	-1	
5	1	10	1	1	1	20	207	424	6	95.000000	 
2	1	11	0	0	0	20	207	424	5	-1	
3	1	11	1	0	0	20	207	424	5	-1	
4	1	11	1	1	0	20	207	424	5	-1	
5	1	11	1	1	1	20	207	424	5	95.000000	 
2	1	12	0	0	0	155	133	281	97	-1	
3	1	12	1	0	0	155	133	281	47	-1	
4	1	12	1	1	0	170	133	120	28	-1	
5	1	12	1	1	1	170	133	7	28	56.896103	fi
5	1	12	1	1	2	288	143	2	9	78.902779	(
4	1	12	1	2	0	155	157	281	13	-1	
5	1	12	1	2	1	151	149	38	28	58.490864	வேக்‌]
5	1	12	1	2	2	196	149	11	28	59.111908	oF
5	1	12	1	2	3	216	149	5	28	89.877724	]
5	1	12	1	2	4	225	149	15	28	90.942734	ரூ.
5	1	12	1	2	5	246	149	55	28	0.000000	[பவெக்‌]
5	1	12	1	2	6	307	149	13	28	57.849140	ஸீ
5	1	12	1	2	7	328	149	8	28	51.824417	|
5	1	12	1	2	8	340	149	14	28	51.824417	சூ.
5	1	12	1	2	9	358	149	24	28	9.572189	[வ]
5	1	12	1	2	10	388	149	20	28	91.255508	ரூ.
5	1	12	1	2	11	414	149	27	28	50.536041	[மை
4	1	12	1	3	0	160	161	130	28	-1	
5	1	12	1	3	1	160	161	20	28	36.243874	ai
5	1	12	1	3	2	273	170	17	8	34.723923	aa
3	1	12	2	0	0	162	200	6	9	-1	
4	1	12	2	1	0	162	200	6	9	-1	
5	1	12	2	1	1	162	200	6	9	16.853867	2
3	1	12	3	0	0	162	222	8	8	-1	
4	1	12	3	1	0	162	222	8	8	-1	
5	1	12	3	1	1	162	222	8	8	71.343216	௨
2	1	13	0	0	0	21	228	474	12	-1	
3	1	13	1	0	0	21	228	474	12	-1	
4	1	13	1	1	0	21	228	474	12	-1	
5	1	13	1	1	1	21	228	474	12	95.000000	 
2	1	14	0	0	0	325	253	35	2	-1	
3	1	14	1	0	0	325	253	35	2	-1	
4	1	14	1	1	0	325	253	35	2	-1	
5	1	14	1	1	1	325	253	35	2	95.000000	 
2	1	15	0	0	0	21	256	473	10	-1	
3	1	15	1	0	0	21	256	473	10	-1	
4	1	15	1	1	0	21	256	473	10	-1	
5	1	15	1	1	1	21	256	473	10	95.000000	 
2	1	16	0	0	0	21	284	489	9	-1	
3	1	16	1	0	0	21	284	489	9	-1	
4	1	16	1	1	0	21	284	489	9	-1	
5	1	16	1	1	1	21	284	489	9	95.000000	 
2	1	17	0	0	0	183	200	193	120	-1	
3	1	17	1	0	0	183	200	193	120	-1	
4	1	17	1	1	0	183	200	193	120	-1	
5	1	17	1	1	1	183	200	193	120	95.000000	 
2	1	18	0	0	0	30	310	480	11	-1	
3	1	18	1	0	0	30	310	480	11	-1	
4	1	18	1	1	0	30	310	480	11	-1	
5	1	18	1	1	1	30	310	480	11	95.000000	 
2	1	19	0	0	0	22	338	489	9	-1	
3	1	19	1	0	0	22	338	489	9	-1	
4	1	19	1	1	0	22	338	489	9	-1	
5	1	19	1	1	1	22	338	489	9	95.000000	 
2	1	20	0	0	0	85	99	5	279	-1	
3	1	20	1	0	0	85	99	5	279	-1	
4	1	20	1	1	0	85	99	5	279	-1	
5	1	20	1	1	1	85	99	5	279	95.000000	 
2	1	21	0	0	0	23	364	488	10	-1	
3	1	21	1	0	0	23	364	488	10	-1	
4	1	21	1	1	0	23	364	488	10	-1	
5	1	21	1	1	1	23	364	488	10	95.000000	 
2	1	22	0	0	0	440	93	2	302	-1	
3	1	22	1	0	0	440	93	2	302	-1	
4	1	22	1	1	0	440	93	2	302	-1	
5	1	22	1	1	1	440	93	2	302	95.000000	 
2	1	23	0	0	0	378	94	5	301	-1	
3	1	23	1	0	0	378	94	5	301	-1	
4	1	23	1	1	0	378	94	5	301	-1	
5	1	23	1	1	1	378	94	5	301	95.000000	 
2	1	24	0	0	0	149	96	3	299	-1	
3	1	24	1	0	0	149	96	3	299	-1	
4	1	24	1	1	0	149	96	3	299	-1	
5	1	24	1	1	1	149	96	3	299	95.000000	 
2	1	25	0	0	0	267	96	2	299	-1	
3	1	25	1	0	0	267	96	2	299	-1	
4	1	25	1	1	0	267	96	2	299	-1	
5	1	25	1	1	1	267	96	2	299	95.000000	 
2	1	26	0	0	0	330	125	3	270	-1	
3	1	26	1	0	0	330	125	3	270	-1	
4	1	26	1	1	0	330	125	3	270	-1	
5	1	26	1	1	1	330	125	3	270	95.000000	 
2	1	27	0	0	0	216	127	4	268	-1	
3	1	27	1	0	0	216	127	4	268	-1	
4	1	27	1	1	0	216	127	4	268	-1	
5	1	27	1	1	1	216	127	4	268	95.000000	 
2	1	28	0	0	0	356	153	3	242	-1	
3	1	28	1	0	0	356	153	3	242	-1	
4	1	28	1	1	0	356	153	3	242	-1	
5	1	28	1	1	1	356	153	3	242	95.000000	 
2	1	29	0	0	0	415	152	3	243	-1	
3	1	29	1	0	0	415	152	3	243	-1	
4	1	29	1	1	0	415	152	3	243	-1	
5	1	29	1	1	1	415	152	3	243	95.000000	 
2	1	30	0	0	0	184	155	4	240	-1	
3	1	30	1	0	0	184	155	4	240	-1	
4	1	30	1	1	0	184	155	4	240	-1	
5	1	30	1	1	1	184	155	4	240	95.000000	 
2	1	31	0	0	0	244	155	4	240	-1	
3	1	31	1	0	0	244	155	4	240	-1	
4	1	31	1	1	0	244	155	4	240	-1	
5	1	31	1	1	1	244	155	4	240	95.000000	 
2	1	32	0	0	0	296	154	4	241	-1	
3	1	32	1	0	0	296	154	4	241	-1	
4	1	32	1	1	0	296	154	4	241	-1	
5	1	32	1	1	1	296	154	4	241	95.000000	 
2	1	33	0	0	0	297	392	214	3	-1	
3	1	33	1	0	0	297	392	214	3	-1	
4	1	33	1	1	0	297	392	214	3	-1	
5	1	33	1	1	1	297	392	214	3	95.000000	 
2	1	34	0	0	0	225	391	44	25	-1	
3	1	34	1	0	0	225	391	44	25	-1	
4	1	34	1	1	0	225	391	44	25	-1	
5	1	34	1	1	1	225	391	44	25	95.000000	 
